91bf24,172.18.0.5,GET,https://drupal11.ddev.site/admin/modules/uninstall,1768466927,91bf24,200,request
fead27,172.18.0.5,GET,https://drupal11.ddev.site/admin/modules/uninstall,1768466927,91bf24,200,request
d39dbe,172.18.0.5,GET,https://drupal11.ddev.site/admin/modules/uninstall,1768466927,91bf24,200,request
1fd50a,172.18.0.5,GET,https://drupal11.ddev.site/admin/modules/uninstall,1768466927,91bf24,200,request
9965b5,172.18.0.5,GET,https://drupal11.ddev.site/admin/modules/uninstall,1768466927,91bf24,200,request
344a94,172.18.0.5,GET,https://drupal11.ddev.site/admin/modules/uninstall,1768466927,91bf24,200,request
06a596,172.18.0.5,GET,https://drupal11.ddev.site/admin/modules/uninstall,1768466927,91bf24,200,request
86c7b7,172.18.0.5,GET,https://drupal11.ddev.site/admin/modules/uninstall,1768466927,91bf24,200,request
a52802,172.18.0.5,GET,https://drupal11.ddev.site/admin/modules/uninstall,1768466927,91bf24,200,request
478212,172.18.0.5,GET,https://drupal11.ddev.site/admin/modules/uninstall,1768466927,91bf24,200,request
4e3bea,172.18.0.5,GET,https://drupal11.ddev.site/admin/modules/uninstall,1768466927,91bf24,200,request
f7c401,172.18.0.5,GET,https://drupal11.ddev.site/admin/modules/uninstall,1768466927,91bf24,200,request
dbb455,172.18.0.5,GET,https://drupal11.ddev.site/admin/modules/uninstall,1768466927,91bf24,200,request
107259,172.18.0.5,GET,https://drupal11.ddev.site/admin/modules/uninstall,1768466927,91bf24,200,request
c245da,172.18.0.5,GET,https://drupal11.ddev.site/admin/modules/uninstall,1768466927,91bf24,200,request
f861d5,172.18.0.5,GET,https://drupal11.ddev.site/admin/modules/uninstall,1768466927,91bf24,200,request
4d5d9a,172.18.0.5,GET,https://drupal11.ddev.site/admin/modules/uninstall,1768466927,91bf24,200,request
23116d,172.18.0.5,GET,https://drupal11.ddev.site/admin/modules/uninstall,1768466928,91bf24,200,request
13f175,172.18.0.5,GET,https://drupal11.ddev.site/admin/modules/uninstall,1768466928,91bf24,200,request
0cbe23,172.18.0.5,GET,https://drupal11.ddev.site/admin/modules/uninstall,1768466928,91bf24,200,request
d6051d,172.18.0.5,GET,https://drupal11.ddev.site/admin/modules/uninstall,1768466928,91bf24,200,request
07073b,172.18.0.5,GET,https://drupal11.ddev.site/admin/modules/uninstall,1768466928,91bf24,200,request
0356f5,172.18.0.5,GET,https://drupal11.ddev.site/admin/modules/uninstall,1768466928,91bf24,200,request
d2caa7,172.18.0.5,GET,https://drupal11.ddev.site/admin/modules/uninstall,1768466928,91bf24,200,request
ec07a4,172.18.0.5,GET,https://drupal11.ddev.site/admin/modules/uninstall,1768466928,91bf24,200,request
c701af,172.18.0.5,GET,https://drupal11.ddev.site/admin/modules/uninstall,1768466928,91bf24,200,request
